{
  "key_size": 256,
  "prometheus": false,
  "channel_length": 1,
  "channel_delay": 4.903392199412835e-09,
  "link_loss_in_db_a": 12.0,
  "link_loss_in_db_b": 12.0,
  "source_pair_rate": 1500000.0,
  "source_wavelength": 8.100000000000001e-07,
  "source_bandwidth_fwhm_wavelength": 3.0000000000000004e-09,
  "dark_count_rates": {
    "0": 50,
    "1": 100,
    "2": 200,
    "3": 150,
    "4": 200,
    "5": 300,
    "6": 650,
    "7": 650
  },
  "detector_jitter": 6.9e-10,
  "detector_dead_time": 4.5e-08,
  "detector_freq_width": 95172208888888.88,
  "detector_maximum_efficiency": 0.6,
  "minimum_time_resolution": 2e-09,
  "num_shots": 3000000,
  "random_seed": 2,
  "data_type": "aqnsim",
  "visibility": [
    0.8,
    0.8051282051282052,
    0.8102564102564103,
    0.8153846153846154,
    0.8205128205128206,
    0.8256410256410257,
    0.8307692307692308,
    0.8358974358974359,
    0.841025641025641,
    0.8461538461538461,
    0.8512820512820514,
    0.8564102564102565,
    0.8615384615384616,
    0.8666666666666667,
    0.8717948717948718,
    0.8769230769230769,
    0.882051282051282,
    0.8871794871794872,
    0.8923076923076924,
    0.8974358974358975,
    0.9025641025641026,
    0.9076923076923077,
    0.9128205128205129,
    0.917948717948718,
    0.9230769230769231,
    0.9282051282051282,
    0.9333333333333333,
    0.9384615384615385,
    0.9435897435897436,
    0.9487179487179487,
    0.9538461538461539,
    0.958974358974359,
    0.9641025641025641,
    0.9692307692307692,
    0.9743589743589743,
    0.9794871794871796,
    0.9846153846153847,
    0.9897435897435898,
    0.9948717948717949,
    1.0
  ],
  "secure_key_rates": [
    4.6681317327911005,
    41.99478145583692,
    59.93328191576793,
    63.1126274883403,
    90.13383938366503,
    105.94226683066182,
    79.07115476153724,
    122.63174826742011,
    123.74010195159661,
    149.1822732825288,
    137.26729091523427,
    177.07014375166108,
    211.93823246115093,
    207.6076922343733,
    250.24725828597116,
    279.09842907606435,
    285.71188377428774,
    298.1886843793944,
    302.56968354351454,
    324.8246782634429,
    334.2962794288105,
    361.06358810731075,
    373.4463602488254,
    432.5154947830555,
    447.32821547190974,
    462.87979927404473,
    488.67710181279466,
    510.21909393739276,
    557.9262533518923,
    599.8958054978576,
    623.1177883136487,
    658.0344106313847,
    678.3997234789844,
    712.6557027434875,
    754.9036438976376,
    728.8557932549111,
    751.030402279134,
    780.7626534140373,
    807.278844064078,
    853.3015070595508
  ],
  "secure_key_rate_errors": [
    52.28448623036156,
    52.02010072040395,
    51.985259509675245,
    52.07913299658881,
    50.98347700598377,
    50.993928745054816,
    51.68270034087295,
    50.870253099589846,
    50.90087827451254,
    50.5512835383966,
    50.52852453799135,
    49.92591927018063,
    49.58015085440484,
    49.782635185824695,
    49.095808109524235,
    48.47773759753446,
    48.465683092188776,
    47.9172868152802,
    48.18453198898498,
    47.83393962158162,
    47.00022296487626,
    47.04326650835567,
    46.9441666215007,
    45.893328020222484,
    45.592048671278604,
    44.87984885647361,
    44.30981506420282,
    44.046890894032174,
    42.55785037896131,
    41.457217499629266,
    41.001451806524784,
    39.45514430612996,
    38.777282700929575,
    38.21887116841845,
    36.02625535845285,
    37.3223474687388,
    35.97618239119705,
    33.97215017799283,
    32.60616270342449,
    30.393542345863725
  ],
  "raw_key_rates": [
    901.5,
    907.0,
    913.0,
    917.5,
    891.5,
    898.5,
    910.5,
    901.5,
    903.0,
    902.5,
    896.5,
    894.5,
    899.5,
    904.0,
    902.5,
    897.5,
    900.5,
    890.0,
    900.5,
    901.5,
    881.5,
    897.5,
    901.5,
    905.5,
    906.0,
    896.0,
    897.0,
    904.0,
    898.5,
    902.0,
    908.5,
    901.5,
    903.5,
    919.5,
    915.0,
    916.0,
    911.0,
    905.0,
    909.0,
    923.0
  ],
  "raw_key_rate_errors": [
    21.230873745562146,
    21.295539439046856,
    21.365860619221497,
    21.418449990603897,
    21.11279233071741,
    21.195518394226642,
    21.33658829335187,
    21.230873745562146,
    21.24852936087578,
    21.242645786248,
    21.17191535974013,
    21.1482859825566,
    21.207310060448496,
    21.2602916254693,
    21.242645786248,
    21.18372016431486,
    21.219095173922945,
    21.095023109728988,
    21.219095173922945,
    21.230873745562146,
    20.994046775217015,
    21.18372016431486,
    21.230873745562146,
    21.277922830953212,
    21.283796653792763,
    21.166010488516726,
    21.17781858454737,
    21.2602916254693,
    21.195518394226642,
    21.236760581595302,
    21.313141485947114,
    21.230873745562146,
    21.25441130683228,
    21.441781642391568,
    21.38924963620744,
    21.400934559032695,
    21.342445970413046,
    21.27204738618265,
    21.319005605327842,
    21.482551058940835
  ],
  "qbers": [
    0.1014975041597338,
    0.09536934950385889,
    0.09255202628696602,
    0.0920980926430518,
    0.08749298934380256,
    0.08514190317195325,
    0.08951125755079625,
    0.08264004437049366,
    0.08250276854928018,
    0.0786703601108033,
    0.0803123257110987,
    0.07434320849636666,
    0.06948304613674261,
    0.07024336283185839,
    0.06426592797783937,
    0.0601671309192201,
    0.059411438089949975,
    0.057303370786516816,
    0.05719044975013876,
    0.05435385468663334,
    0.05218377765172999,
    0.04958217270194987,
    0.048252911813643884,
    0.04141358365543901,
    0.039735099337748325,
    0.037388392857142905,
    0.03455964325529548,
    0.03263274336283184,
    0.027267668336115714,
    0.02328159645232819,
    0.021463951568519546,
    0.0177481974486966,
    0.01604869950193688,
    0.014138118542686207,
    0.01038251366120213,
    0.012554585152838471,
    0.010428100987925348,
    0.007734806629834279,
    0.006050605060506031,
    0.003791982665222071
  ],
  "qber_errors": [
    0.0071119625660828415,
    0.006896383720680057,
    0.006781932246267195,
    0.00675035709922554,
    0.006691585953989848,
    0.006583767812330863,
    0.006689923423363901,
    0.006484362667188812,
    0.006474075643944299,
    0.0063368654725412775,
    0.006418316652385713,
    0.006202124442048224,
    0.0059949558395102085,
    0.006010188289881499,
    0.005772022429326334,
    0.00561271176005745,
    0.005570292778680379,
    0.005508914863018727,
    0.005471632066600085,
    0.005339267003943492,
    0.005296679200327018,
    0.005123748891497508,
    0.005046899748247104,
    0.004681961268158833,
    0.0045888470478628604,
    0.004481515915146754,
    0.004312569732741253,
    0.004178527563803339,
    0.003841905148428306,
    0.003550363314764953,
    0.003399897239502476,
    0.003109500848603294,
    0.0029561580409649653,
    0.0027530429204396943,
    0.002369514611160087,
    0.00260132729226523,
    0.002379863810190705,
    0.0020592037559251427,
    0.0018187985551505472,
    0.0014305147481157876
  ],
  "qbers_label": "QBER",
  "raw_key_rates_label": "Raw key rate (bps)",
  "secure_key_rates_label": "Secure key rate (bps)",
  "x_parameter_name": "visibility",
  "x_parameter_label": "Visibility"
}