{
  "channel_length": 1,
  "channel_delay": 4.903392199412835e-09,
  "link_loss_in_db_a": 12,
  "link_loss_in_db_b": 12,
  "source_visibility": 0.94,
  "source_wavelength": 8.100000000000001e-07,
  "source_bandwidth_fwhm_wavelength": 3.0000000000000004e-09,
  "dark_count_rates": {
    "0": 50,
    "1": 100,
    "2": 200,
    "3": 150,
    "4": 200,
    "5": 300,
    "6": 650,
    "7": 650
  },
  "detector_jitter": 6.9e-10,
  "detector_dead_time": 4.5e-08,
  "detector_freq_width": 95172208888888.88,
  "detector_maximum_efficiency": 0.6,
  "minimum_time_resolution": 2e-09,
  "num_shots": 300000,
  "random_seed": 0,
  "data_type": "aqnsim",
  "source_pair_rate": [
    10.0,
    146.77992676220705,
    2154.4346900318847,
    31622.776601683792,
    464158.8833612782,
    6812920.690579622,
    100000000.0
  ],
  "secure_key_rates": [
    0,
    0.05963446093648791,
    0.953874805162856,
    14.10099414448143,
    205.50609701902616,
    2810.3308070587655,
    0
  ],
  "secure_key_rate_errors": [
    0.0,
    0.01270735365213549,
    0.17669293201913414,
    2.598078154662842,
    38.0673382225468,
    591.9101753795178,
    0.0
  ],
  "raw_key_rates": [
    0.01,
    0.08806795605732423,
    1.285479365052358,
    18.973665961010276,
    276.948133738896,
    4133.171885618304,
    72000.0
  ],
  "raw_key_rate_errors": [
    0.0018257418583505537,
    0.006564197879454712,
    0.09608123884486086,
    1.414213562373095,
    20.70007540286073,
    306.3710835857443,
    4898.979485566356
  ],
  "qbers": [
    0.1333333333333333,
    0.022222222222222254,
    0.016759776536312887,
    0.01666666666666672,
    0.016759776536312887,
    0.02197802197802201,
    0.11111111111111116
  ],
  "qber_errors": [
    0.06206328908341751,
    0.010986960721623211,
    0.009594832881641256,
    0.009541980020732053,
    0.009594832881641256,
    0.010867581725995189,
    0.021383343303319473
  ],
  "qbers_label": "QBER",
  "raw_key_rates_label": "Raw key rate (bps)",
  "secure_key_rates_label": "Secure key rate (bps)",
  "x_parameter_name": "source_pair_rate",
  "x_parameter_label": "Source brightness (cps)"
}