{
  "key_size": 256,
  "prometheus": false,
  "channel_length": 1,
  "channel_delay": 4.903392199412835e-09,
  "link_loss_in_db_a": 12.0,
  "link_loss_in_db_b": 12.0,
  "source_pair_rate": 1500000.0,
  "source_visibility": 0.94,
  "source_wavelength": 8.100000000000001e-07,
  "source_bandwidth_fwhm_wavelength": 3.0000000000000004e-09,
  "detector_jitter": 6.9e-10,
  "detector_dead_time": 4.5e-08,
  "detector_freq_width": 95172208888888.88,
  "detector_maximum_efficiency": 0.6,
  "minimum_time_resolution": 2e-09,
  "num_shots": 300000,
  "random_seed": 9,
  "data_type": "aqnsim",
  "dark_count_rate": [
    1.0,
    1.6102620275609394,
    2.592943797404667,
    4.1753189365604015,
    6.7233575364993365,
    10.826367338740546,
    17.43328822199988,
    28.072162039411772,
    45.20353656360243,
    72.7895384398315,
    117.21022975334806,
    188.73918221350976,
    303.9195382313198,
    489.3900918477494,
    788.0462815669912,
    1268.9610031679222,
    2043.3597178569416,
    3290.3445623126677,
    5298.316906283708,
    8531.678524172805,
    13738.237958832638,
    22122.1629107045,
    35622.47890262444,
    57361.52510448681,
    92367.08571873866,
    148735.21072935118,
    239502.6619987486,
    385662.04211634723,
    621016.9418915616,
    1000000.0
  ],
  "secure_key_rates": [
    612.055347215984,
    612.055347215984,
    612.055347215984,
    612.055347215984,
    612.055347215984,
    612.055347215984,
    612.055347215984,
    612.055347215984,
    612.055347215984,
    612.055347215984,
    612.055347215984,
    612.055347215984,
    612.055347215984,
    612.055347215984,
    612.055347215984,
    612.055347215984,
    612.055347215984,
    612.055347215984,
    612.055347215984,
    612.055347215984,
    612.055347215984,
    612.055347215984,
    561.6754895133981,
    566.1051322267517,
    521.9836085734115,
    535.0809554261632,
    427.8514360872201,
    0,
    0,
    0
  ],
  "secure_key_rate_errors": [
    152.06324980717915,
    152.06324980717915,
    152.06324980717915,
    152.06324980717915,
    152.06324980717915,
    152.06324980717915,
    152.06324980717915,
    152.06324980717915,
    152.06324980717915,
    152.06324980717915,
    152.06324980717915,
    152.06324980717915,
    152.06324980717915,
    152.06324980717915,
    152.06324980717915,
    152.06324980717915,
    152.06324980717915,
    152.06324980717915,
    152.06324980717915,
    152.06324980717915,
    152.06324980717915,
    152.06324980717915,
    155.56722607695144,
    155.80542247171215,
    159.14550287671054,
    159.8747151621804,
    169.24787797451717,
    0.0,
    0.0,
    0.0
  ],
  "raw_key_rates": [
    1080.0,
    1080.0,
    1080.0,
    1080.0,
    1080.0,
    1080.0,
    1080.0,
    1080.0,
    1080.0,
    1080.0,
    1080.0,
    1080.0,
    1080.0,
    1080.0,
    1080.0,
    1080.0,
    1080.0,
    1080.0,
    1080.0,
    1080.0,
    1080.0,
    1080.0,
    1080.0,
    1085.0,
    1090.0,
    1105.0,
    1140.0,
    1280.0,
    1485.0,
    2205.0
  ],
  "raw_key_rate_errors": [
    73.48469228349533,
    73.48469228349533,
    73.48469228349533,
    73.48469228349533,
    73.48469228349533,
    73.48469228349533,
    73.48469228349533,
    73.48469228349533,
    73.48469228349533,
    73.48469228349533,
    73.48469228349533,
    73.48469228349533,
    73.48469228349533,
    73.48469228349533,
    73.48469228349533,
    73.48469228349533,
    73.48469228349533,
    73.48469228349533,
    73.48469228349533,
    73.48469228349533,
    73.48469228349533,
    73.48469228349533,
    73.48469228349533,
    73.65459931328118,
    73.824115301167,
    74.33034373659252,
    75.4983443527075,
    80.0,
    86.16843969807043,
    105.0
  ],
  "qbers": [
    0.03240740740740744,
    0.03240740740740744,
    0.03240740740740744,
    0.03240740740740744,
    0.03240740740740744,
    0.03240740740740744,
    0.03240740740740744,
    0.03240740740740744,
    0.03240740740740744,
    0.03240740740740744,
    0.03240740740740744,
    0.03240740740740744,
    0.03240740740740744,
    0.03240740740740744,
    0.03240740740740744,
    0.03240740740740744,
    0.03240740740740744,
    0.03240740740740744,
    0.03240740740740744,
    0.03240740740740744,
    0.03240740740740744,
    0.03240740740740744,
    0.03703703703703709,
    0.03686635944700456,
    0.041284403669724745,
    0.040723981900452455,
    0.052631578947368474,
    0.10546875,
    0.1447811447811448,
    0.2630385487528345
  ],
  "qber_errors": [
    0.012048737322913288,
    0.012048737322913288,
    0.012048737322913288,
    0.012048737322913288,
    0.012048737322913288,
    0.012048737322913288,
    0.012048737322913288,
    0.012048737322913288,
    0.012048737322913288,
    0.012048737322913288,
    0.012048737322913288,
    0.012048737322913288,
    0.012048737322913288,
    0.012048737322913288,
    0.012048737322913288,
    0.012048737322913288,
    0.012048737322913288,
    0.012048737322913288,
    0.012048737322913288,
    0.012048737322913288,
    0.012048737322913288,
    0.012048737322913288,
    0.012849790120161322,
    0.012791707961489046,
    0.013474406879315974,
    0.01329538061490274,
    0.014788197024974123,
    0.019197278938595446,
    0.020418151040412818,
    0.02096586528339013
  ],
  "qbers_label": "QBER",
  "raw_key_rates_label": "Raw key rate (bps)",
  "secure_key_rates_label": "Secure key rate (bps)",
  "x_parameter_name": "dark_count_rate",
  "x_parameter_label": "Dark count rate (cps)"
}