{
  "channel_length": 1,
  "channel_delay": 4.903392199412835e-09,
  "link_loss_in_db_a": 12,
  "link_loss_in_db_b": 12,
  "source_pair_rate": 1500000.0,
  "source_visibility": 0.94,
  "source_wavelength": 8.100000000000001e-07,
  "source_bandwidth_fwhm_wavelength": 3.0000000000000004e-09,
  "dark_count_rates": {
    "0": 50,
    "1": 100,
    "2": 200,
    "3": 150,
    "4": 200,
    "5": 300,
    "6": 650,
    "7": 650
  },
  "detector_dead_time": 4.5e-08,
  "detector_freq_width": 95172208888888.88,
  "detector_maximum_efficiency": 0.6,
  "minimum_time_resolution": 2e-09,
  "num_shots": 3000000,
  "random_seed": 8,
  "data_type": "aqnsim",
  "detection_resolution": [
    1e-10,
    4.413793103448276e-10,
    7.827586206896552e-10,
    1.124137931034483e-09,
    1.4655172413793105e-09,
    1.806896551724138e-09,
    2.1482758620689658e-09,
    2.4896551724137933e-09,
    2.831034482758621e-09,
    3.1724137931034484e-09,
    3.513793103448276e-09,
    3.8551724137931035e-09,
    4.1965517241379315e-09,
    4.537931034482759e-09,
    4.8793103448275866e-09,
    5.220689655172414e-09,
    5.562068965517242e-09,
    5.90344827586207e-09,
    6.244827586206897e-09,
    6.586206896551725e-09,
    6.927586206896552e-09,
    7.26896551724138e-09,
    7.610344827586206e-09,
    7.951724137931034e-09,
    8.293103448275862e-09,
    8.63448275862069e-09,
    8.975862068965516e-09,
    9.317241379310344e-09,
    9.658620689655172e-09,
    1e-08
  ],
  "secure_key_rates": [
    626.7165240989623,
    608.9052574802989,
    478.53317710712207,
    362.66311380639365,
    284.3821010326918,
    235.613837300518,
    200.02153509432804,
    167.09031538494142,
    147.37153854038976,
    124.29063284727619,
    110.30176458549765,
    101.59230441675213,
    94.49710359920081,
    87.50873908840371,
    84.7343429548625,
    81.19852340260455,
    70.42104222132606,
    61.47626294447271,
    65.9032628714415,
    66.69532393388722,
    59.342555779440026,
    51.813630707343926,
    57.52481397017471,
    67.76546301016802,
    55.69677179498047,
    52.19836085734116,
    45.806121402273924,
    36.71852459262553,
    43.53955903575091,
    45.62372976482983
  ],
  "secure_key_rate_errors": [
    48.52382880115122,
    48.03551391555178,
    43.909451972052004,
    38.90107996849002,
    34.87101966134167,
    31.989748250930102,
    29.82635031817657,
    27.89874392299701,
    26.603796872881027,
    25.462625198085604,
    24.239916816137836,
    23.535737242831836,
    22.494960758304558,
    21.808436758787938,
    20.872961865978336,
    20.2896276515836,
    19.7888774018554,
    19.344916512652237,
    18.669578723209934,
    18.23421697675215,
    17.859376341282545,
    17.92794597442516,
    17.26812660759855,
    16.150688331948178,
    16.107347313994755,
    15.914550287671055,
    16.08991754038936,
    16.042753189755334,
    15.407756778838309,
    14.958146062400452
  ],
  "raw_key_rates": [
    1102.0,
    1076.5,
    880.0,
    682.5,
    544.0,
    455.5,
    393.0,
    339.0,
    305.5,
    273.5,
    246.5,
    231.0,
    212.0,
    198.5,
    184.5,
    175.0,
    162.5,
    152.0,
    146.5,
    142.0,
    133.5,
    130.0,
    126.0,
    121.0,
    113.0,
    109.0,
    107.0,
    101.5,
    99.0,
    96.0
  ],
  "raw_key_rate_errors": [
    23.473389188611005,
    23.200215516240362,
    20.97617696340303,
    18.472953201911167,
    16.492422502470642,
    15.09138827278657,
    14.017845768876187,
    13.019216566291536,
    12.359207094308275,
    11.6940155635265,
    11.10180165558726,
    10.747092630102339,
    10.295630140987,
    9.962429422585638,
    9.604686356149273,
    9.354143466934854,
    9.013878188659973,
    8.717797887081348,
    8.558621384311845,
    8.426149773176359,
    8.170067319184096,
    8.06225774829855,
    7.937253933193772,
    7.7781745930520225,
    7.516648189186454,
    7.382411530116699,
    7.314369419163897,
    7.123903424387503,
    7.035623639735143,
    6.92820323027551
  ],
  "qbers": [
    0.03221415607985478,
    0.03251277287505805,
    0.03465909090909092,
    0.03589743589743588,
    0.03676470588235292,
    0.03732162458836441,
    0.03816793893129766,
    0.03982300884955747,
    0.04091653027823239,
    0.04387568555758681,
    0.04462474645030423,
    0.045454545454545414,
    0.04481132075471694,
    0.04534005037783373,
    0.04336043360433606,
    0.042857142857142816,
    0.0461538461538461,
    0.049342105263157854,
    0.04436860068259385,
    0.04225352112676062,
    0.0449438202247191,
    0.050000000000000044,
    0.04365079365079361,
    0.03305785123966942,
    0.03982300884955747,
    0.041284403669724745,
    0.04672897196261683,
    0.054187192118226646,
    0.045454545454545414,
    0.04166666666666663
  ],
  "qber_errors": [
    0.003761033630414595,
    0.003822324993785885,
    0.004360061400112798,
    0.0050353192108964625,
    0.005705152976159002,
    0.006280029585817029,
    0.006834200345515133,
    0.007509790739784127,
    0.00801414133000664,
    0.008757405826433171,
    0.009299324764964418,
    0.009690941652527743,
    0.010047442447376188,
    0.010441673217004224,
    0.010602488126704534,
    0.010825948742754969,
    0.011638618559189814,
    0.012421789788533592,
    0.012029546667439455,
    0.01193706517225185,
    0.012679257478987249,
    0.013516371839081222,
    0.012870755867662089,
    0.011492906491944668,
    0.013007339115516372,
    0.013474406879315974,
    0.01442761098058744,
    0.015889231773362447,
    0.01480315789270294,
    0.014421221984232764
  ],
  "qbers_label": "QBER",
  "raw_key_rates_label": "Raw key rate (bps)",
  "secure_key_rates_label": "Secure key rate (bps)",
  "x_parameter_name": "detection_resolution",
  "x_parameter_label": "Detection resolution (s)"
}