{
  "channel_length": 1,
  "channel_delay": 4.903392199412835e-09,
  "link_loss_in_db_a": 12,
  "link_loss_in_db_b": 12,
  "source_pair_rate": 1500000.0,
  "source_visibility": 0.94,
  "source_wavelength": 8.100000000000001e-07,
  "source_bandwidth_fwhm_wavelength": 3.0000000000000004e-09,
  "dark_count_rates": {
    "0": 50,
    "1": 100,
    "2": 200,
    "3": 150,
    "4": 200,
    "5": 300,
    "6": 650,
    "7": 650
  },
  "detector_dead_time": 4.5e-08,
  "detector_freq_width": 95172208888888.88,
  "detector_maximum_efficiency": 0.6,
  "minimum_time_resolution": 2e-09,
  "num_shots": 6000000,
  "random_seed": 0,
  "data_type": "aqnsim",
  "detection_resolution": [
    1e-10,
    4.413793103448276e-10,
    7.827586206896552e-10,
    1.124137931034483e-09,
    1.4655172413793105e-09,
    1.806896551724138e-09,
    2.1482758620689658e-09,
    2.4896551724137933e-09,
    2.831034482758621e-09,
    3.1724137931034484e-09,
    3.513793103448276e-09,
    3.8551724137931035e-09,
    4.1965517241379315e-09,
    4.537931034482759e-09,
    4.8793103448275866e-09,
    5.220689655172414e-09,
    5.562068965517242e-09,
    5.90344827586207e-09,
    6.244827586206897e-09,
    6.586206896551725e-09,
    6.927586206896552e-09,
    7.26896551724138e-09,
    7.610344827586206e-09,
    7.951724137931034e-09,
    8.293103448275862e-09,
    8.63448275862069e-09,
    8.975862068965516e-09,
    9.317241379310344e-09,
    9.658620689655172e-09,
    1e-08
  ],
  "secure_key_rates": [
    661.6174703374563,
    641.0509541770577,
    506.9907617658719,
    388.28566689381864,
    299.2123048843579,
    248.2925133171181,
    207.56070312786085,
    172.5725847559704,
    152.40764407274511,
    147.18989649734348,
    147.2600356286728,
    134.49803011904925,
    112.96996627365195,
    106.20010069247313,
    101.22013398962787,
    89.46859607901055,
    79.82522172036224,
    74.13856086784847,
    68.24383755109345,
    69.51215604864296,
    63.8222266227147,
    60.97078015216956,
    56.188809420402634,
    51.07114548805308,
    44.99123351610203,
    42.78769581392729,
    38.085396540467805,
    36.01408220659994,
    34.159133806084455,
    30.019957359828794
  ],
  "secure_key_rate_errors": [
    33.52794622276856,
    33.22571809678432,
    30.47222037002277,
    27.62671595914933,
    24.998940894423683,
    22.75054345724652,
    21.132440167858157,
    20.074024276147956,
    19.047499544218937,
    17.94541486887847,
    16.724345651186887,
    15.975133523318481,
    15.721134301044332,
    15.087329843658189,
    14.475319490677107,
    14.29160066309757,
    13.83157953462142,
    13.483090653466151,
    13.116976696099671,
    12.641306695442083,
    12.441844411916048,
    12.15760388979013,
    11.978758949360401,
    11.96002014191375,
    11.887684887807254,
    11.615681562342257,
    11.585183017929642,
    11.48994516382668,
    11.402705297579974,
    11.377265972292248
  ],
  "raw_key_rates": [
    1094.25,
    1068.75,
    877.5,
    702.75,
    563.5,
    467.0,
    398.75,
    350.75,
    314.0,
    286.0,
    260.75,
    238.0,
    219.5,
    203.5,
    189.5,
    179.0,
    165.25,
    156.0,
    146.5,
    139.75,
    133.25,
    127.25,
    121.75,
    118.5,
    114.0,
    108.75,
    105.75,
    103.25,
    101.0,
    98.5
  ],
  "raw_key_rate_errors": [
    16.539724907023093,
    16.345871038277526,
    14.811313243598626,
    13.254716141811565,
    11.869077470469218,
    10.805091392487155,
    9.98436277385793,
    9.364160400164021,
    8.860022573334675,
    8.455767262643882,
    8.073877630977572,
    7.713624310270757,
    7.407766195014527,
    7.132671308843553,
    6.882949948968102,
    6.689544080129826,
    6.427480066091221,
    6.244997998398398,
    6.051859218455102,
    5.9107952087684446,
    5.771698190307597,
    5.640257086339239,
    5.5170191226784775,
    5.44288526426931,
    5.338539126015656,
    5.2141634036535525,
    5.141740950300783,
    5.080600358225394,
    5.024937810560445,
    4.962358310319802
  ],
  "qbers": [
    0.02878684030157641,
    0.0292397660818714,
    0.031339031339031376,
    0.03379580220562073,
    0.035936113575865125,
    0.035867237687366216,
    0.03699059561128526,
    0.03991446899501072,
    0.04060509554140124,
    0.037587412587412605,
    0.03259827420901251,
    0.03256302521008403,
    0.0375854214123007,
    0.03685503685503688,
    0.03562005277044855,
    0.03910614525139666,
    0.0408472012102874,
    0.04166666666666663,
    0.0426621160409556,
    0.03935599284436497,
    0.0412757973733584,
    0.04125736738703345,
    0.043121149897330624,
    0.04641350210970463,
    0.05043859649122806,
    0.05057471264367819,
    0.05437352245862881,
    0.05569007263922521,
    0.05693069306930698,
    0.060913705583756306
  ],
  "qber_errors": [
    0.002527353583482976,
    0.0025767653761691787,
    0.0029408652550508684,
    0.003408281184532027,
    0.003920500422857897,
    0.004302579958312012,
    0.004725857069942131,
    0.005226263529276554,
    0.005569217157124735,
    0.0056232688868773275,
    0.005498681680023217,
    0.005752481616408078,
    0.006418647867245153,
    0.006603619653089264,
    0.00673188614309837,
    0.0072444213419411,
    0.007698822764357872,
    0.007999454664461501,
    0.008348433861818622,
    0.008223955874001878,
    0.00861650167827797,
    0.00881541748912179,
    0.00920468994029937,
    0.0096630237132014,
    0.010248507002436897,
    0.010506364910993712,
    0.011025120951510549,
    0.011284209590141642,
    0.011528010362190892,
    0.01204930923055477
  ],
  "qbers_label": "QBER",
  "raw_key_rates_label": "Raw key rate (bps)",
  "secure_key_rates_label": "Secure key rate (bps)",
  "x_parameter_name": "detection_resolution",
  "x_parameter_label": "Detection resolution (s)"
}