{
  "channel_length": 1,
  "channel_delay": 4.903392199412835e-09,
  "link_loss_in_db_a": 12,
  "link_loss_in_db_b": 12,
  "source_pair_rate": 1500000.0,
  "source_visibility": 0.94,
  "source_wavelength": 8.100000000000001e-07,
  "source_bandwidth_fwhm_wavelength": 3.0000000000000004e-09,
  "dark_count_rates": {
    "0": 50,
    "1": 100,
    "2": 200,
    "3": 150,
    "4": 200,
    "5": 300,
    "6": 650,
    "7": 650
  },
  "detector_jitter": 6.9e-10,
  "detector_freq_width": 95172208888888.88,
  "detector_maximum_efficiency": 0.6,
  "minimum_time_resolution": 2e-09,
  "num_shots": 3000000,
  "random_seed": 0,
  "data_type": "aqnsim",
  "detector_dead_time": [
    1e-09,
    1.6102620275609425e-09,
    2.592943797404667e-09,
    4.175318936560409e-09,
    6.723357536499335e-09,
    1.0826367338740541e-08,
    1.743328822199987e-08,
    2.8072162039411755e-08,
    4.5203536563602405e-08,
    7.278953843983146e-08,
    1.1721022975334794e-07,
    1.8873918221350996e-07,
    3.0391953823131946e-07,
    4.893900918477499e-07,
    7.880462815669904e-07,
    1.2689610031679234e-06,
    2.0433597178569395e-06,
    3.290344562312671e-06,
    5.298316906283702e-06,
    8.531678524172814e-06,
    1.3738237958832637e-05,
    2.21221629107045e-05,
    3.5622478902624444e-05,
    5.736152510448681e-05,
    9.236708571873866e-05,
    0.00014873521072935117,
    0.0002395026619987486,
    0.00038566204211634724,
    0.0006210169418915617,
    0.001
  ],
  "secure_key_rates": [
    514.780893060537,
    514.780893060537,
    514.780893060537,
    514.780893060537,
    514.780893060537,
    514.3335165930814,
    514.3335165930814,
    514.3335165930814,
    513.8861687078311,
    512.9915588082657,
    517.6161241857569,
    517.1680521642858,
    515.3760471203196,
    512.6888920842925,
    506.42287715814246,
    497.0345501648022,
    491.4964403303928,
    470.1759388965732,
    450.30121279379995,
    415.5243049021523,
    364.9271618950556,
    268.8669869678241,
    201.7381239688501,
    165.82380914065718,
    85.08165934177156,
    46.93184545870469,
    23.684276701127864,
    NaN,
    NaN,
    NaN
  ],
  "secure_key_rate_errors": [
    45.20310546843389,
    45.20310546843389,
    45.20310546843389,
    45.20310546843389,
    45.20310546843389,
    45.19517325303561,
    45.19517325303561,
    45.19517325303561,
    45.18723784029727,
    45.171357410367705,
    45.041820582472106,
    45.03390419858016,
    45.00220666415755,
    44.95456402175268,
    44.842944728279015,
    44.674310192575746,
    44.14629444792238,
    43.53854042138091,
    42.05495972925398,
    40.45688804941896,
    37.96664293440062,
    34.75795781911038,
    30.478341860965084,
    25.425138554707562,
    20.021359713539596,
    15.035981669308189,
    10.65024707827606,
    0.0,
    0.0,
    0.0
  ],
  "raw_key_rates": [
    937.5,
    937.5,
    937.5,
    937.5,
    937.5,
    937.0,
    937.0,
    937.0,
    936.5,
    935.5,
    935.0,
    934.5,
    932.5,
    929.5,
    922.5,
    912.0,
    894.5,
    865.0,
    814.5,
    753.0,
    662.5,
    532.0,
    406.0,
    298.5,
    174.0,
    97.5,
    49.0,
    17.5,
    4.5,
    2.5
  ],
  "raw_key_rate_errors": [
    21.650635094610966,
    21.650635094610966,
    21.650635094610966,
    21.650635094610966,
    21.650635094610966,
    21.644860821913362,
    21.644860821913362,
    21.644860821913362,
    21.639085008382402,
    21.627528753882167,
    21.621748310439653,
    21.615966321217286,
    21.592822881689184,
    21.558061137310098,
    21.47673159491453,
    21.354156504062622,
    21.1482859825566,
    20.796634343085422,
    20.180436070610565,
    19.403607911932255,
    18.200274723201296,
    16.30950643030009,
    14.247806848775006,
    12.216791722870616,
    9.327379053088816,
    6.98212002188447,
    4.949747468305833,
    2.958039891549808,
    1.5,
    1.118033988749895
  ],
  "qbers": [
    0.03413333333333335,
    0.03413333333333335,
    0.03413333333333335,
    0.03413333333333335,
    0.03413333333333335,
    0.03415154749199578,
    0.03415154749199578,
    0.03415154749199578,
    0.03416978109983981,
    0.034206306787814,
    0.033689839572192515,
    0.0337078651685393,
    0.0337801608579088,
    0.03388918773534155,
    0.034146341463414664,
    0.03453947368421051,
    0.03409726103968702,
    0.034682080924855474,
    0.033763044812768594,
    0.03386454183266929,
    0.03396226415094339,
    0.0385338345864662,
    0.039408866995073843,
    0.03350083752093802,
    0.04022988505747127,
    0.04102564102564099,
    0.04081632653061229,
    0.0,
    0.0,
    0.0
  ],
  "qber_errors": [
    0.004193216673876283,
    0.004193216673876283,
    0.004193216673876283,
    0.004193216673876283,
    0.004193216673876283,
    0.004195414690687891,
    0.004195414690687891,
    0.004195414690687891,
    0.00419761501191683,
    0.004202022582130333,
    0.004172409650277473,
    0.00417460314202788,
    0.00418340020961967,
    0.004196665515263748,
    0.004227947334133336,
    0.004275753911786811,
    0.004290632081740399,
    0.00439910882906175,
    0.004475093176990832,
    0.004661000257365203,
    0.004976080807197789,
    0.005900887070000854,
    0.006827917211337211,
    0.007364468479836734,
    0.010533395361067992,
    0.014204105185595743,
    0.019987331196504515,
    0.0,
    0.0,
    0.0
  ],
  "qbers_label": "QBER",
  "raw_key_rates_label": "Raw key rate (bps)",
  "secure_key_rates_label": "Secure key rate (bps)",
  "x_parameter_name": "detector_dead_time",
  "x_parameter_label": "Detector dead time (s)"
}