{
  "channel_length": 1,
  "channel_delay": 4.903392199412835e-09,
  "link_loss_in_db_a": 12,
  "link_loss_in_db_b": 12,
  "source_pair_rate": 1500000.0,
  "source_visibility": 0.94,
  "source_wavelength": 8.100000000000001e-07,
  "source_bandwidth_fwhm_wavelength": 3.0000000000000004e-09,
  "dark_count_rates": {
    "0": 50,
    "1": 100,
    "2": 200,
    "3": 150,
    "4": 200,
    "5": 300,
    "6": 650,
    "7": 650
  },
  "detector_jitter": 6.9e-10,
  "detector_freq_width": 95172208888888.88,
  "detector_maximum_efficiency": 0.6,
  "minimum_time_resolution": 2e-09,
  "num_shots": 6000000,
  "random_seed": 0,
  "data_type": "aqnsim",
  "detector_dead_time": [
    1e-09,
    1.6102620275609425e-09,
    2.592943797404667e-09,
    4.175318936560409e-09,
    6.723357536499335e-09,
    1.0826367338740541e-08,
    1.743328822199987e-08,
    2.8072162039411755e-08,
    4.5203536563602405e-08,
    7.278953843983146e-08,
    1.1721022975334794e-07,
    1.8873918221350996e-07,
    3.0391953823131946e-07,
    4.893900918477499e-07,
    7.880462815669904e-07,
    1.2689610031679234e-06,
    2.0433597178569395e-06,
    3.290344562312671e-06,
    5.298316906283702e-06,
    8.531678524172814e-06,
    1.3738237958832637e-05,
    2.21221629107045e-05,
    3.5622478902624444e-05,
    5.736152510448681e-05,
    9.236708571873866e-05,
    0.00014873521072935117,
    0.0002395026619987486,
    0.00038566204211634724,
    0.0006210169418915617,
    0.001
  ],
  "secure_key_rates": [
    546.6457373120506,
    546.6457373120506,
    546.6457373120506,
    546.4193763307419,
    546.4193763307419,
    546.4193763307419,
    546.4193763307419,
    546.4193763307419,
    548.8102323033303,
    548.3571246167655,
    547.6775108745206,
    545.1860858647569,
    542.4690536955176,
    539.877353879045,
    533.9920411334718,
    524.9464199237882,
    516.4839748021213,
    502.51746993271746,
    482.64967278150505,
    441.4526106703569,
    391.6189733333577,
    331.9836410981302,
    248.34013612218678,
    173.49706007767276,
    92.03336924169881,
    57.679508999173585,
    39.094822729570744,
    17.614409501909062,
    NaN,
    1.1667634404170832
  ],
  "secure_key_rate_errors": [
    31.359315828149377,
    31.359315828149377,
    31.359315828149377,
    31.35658261922591,
    31.35658261922591,
    31.35658261922591,
    31.35658261922591,
    31.35658261922591,
    31.30626642351938,
    31.300809166397865,
    31.292619178836784,
    31.262547001802705,
    31.22966499663729,
    31.1187369588704,
    31.047041164478717,
    30.935991300601582,
    30.59081019342863,
    29.92495526797118,
    28.907425188377353,
    27.564806612425617,
    25.737681483714248,
    23.06548618110745,
    20.253725456329896,
    16.707437579599603,
    13.175716719515577,
    9.640432116907915,
    5.8187683874353615,
    4.001329131618222,
    0.0,
    2.3015959011865275
  ],
  "raw_key_rates": [
    935.75,
    935.75,
    935.75,
    935.5,
    935.5,
    935.5,
    935.5,
    935.5,
    935.25,
    934.75,
    934.0,
    931.25,
    928.25,
    922.5,
    916.0,
    906.0,
    888.0,
    855.25,
    807.25,
    735.75,
    646.0,
    530.75,
    404.0,
    278.0,
    162.25,
    92.5,
    47.5,
    21.75,
    7.75,
    4.0
  ],
  "raw_key_rate_errors": [
    15.295015527942429,
    15.295015527942429,
    15.295015527942429,
    15.292972242177123,
    15.292972242177123,
    15.292972242177123,
    15.292972242177123,
    15.292972242177123,
    15.290928683373028,
    15.286840746210448,
    15.280706789936126,
    15.258194519667128,
    15.233597736582123,
    15.18634254848744,
    15.132745950421556,
    15.049916943292411,
    14.899664425751338,
    14.622328815889759,
    14.206072645175373,
    13.562355990018844,
    12.708265027138834,
    11.519006033508273,
    10.04987562112089,
    8.336666000266533,
    6.368869601428499,
    4.808846015417836,
    3.4460121880225554,
    2.331844763272204,
    1.3919410907075054,
    1.0
  ],
  "qbers": [
    0.03072401816724557,
    0.03072401816724557,
    0.03072401816724557,
    0.030732228754676627,
    0.030732228754676627,
    0.030732228754676627,
    0.030732228754676627,
    0.030732228754676627,
    0.030473135525260653,
    0.030489435677988785,
    0.03051391862955033,
    0.030604026845637566,
    0.030702935631564787,
    0.03062330623306231,
    0.030840611353711744,
    0.031181015452538596,
    0.030968468468468457,
    0.03040046769950311,
    0.029420873335398,
    0.02922188243289159,
    0.028637770897832815,
    0.026848798869524293,
    0.027846534653465316,
    0.026978417266187105,
    0.03235747303543912,
    0.027027027027026973,
    0.010526315789473717,
    0.011494252873563204,
    0.0,
    0.0625
  ],
  "qber_errors": [
    0.002820673501982003,
    0.002820673501982003,
    0.002820673501982003,
    0.0028214153396997803,
    0.0028214153396997803,
    0.0028214153396997803,
    0.0028214153396997803,
    0.0028214153396997803,
    0.002810247959587388,
    0.002811727531553284,
    0.0028139498118733104,
    0.0028221283027958454,
    0.002831104663505062,
    0.002836345569916209,
    0.0028561522906682285,
    0.0028871699771212036,
    0.002906647322408656,
    0.0029353493365045853,
    0.0029737827039001408,
    0.0031046950744407233,
    0.00328105837054087,
    0.0035081454821423393,
    0.004092911129096242,
    0.004858666353045306,
    0.006945802400918409,
    0.0084304093769195,
    0.007403950746720504,
    0.011428003025660402,
    0.0,
    0.06051536478449089
  ],
  "qbers_label": "QBER",
  "raw_key_rates_label": "Raw key rate (bps)",
  "secure_key_rates_label": "Secure key rate (bps)",
  "x_parameter_name": "detector_dead_time",
  "x_parameter_label": "Detector dead time (s)"
}