{
  "key_size": 256,
  "prometheus": false,
  "channel_length": 1,
  "channel_delay": 4.903392199412835e-09,
  "link_loss_in_db_a": 12,
  "link_loss_in_db_b": 12,
  "source_visibility": 0.94,
  "source_wavelength": 8.100000000000001e-07,
  "source_bandwidth_fwhm_wavelength": 3.0000000000000004e-09,
  "dark_count_rates": {
    "0": 50,
    "1": 100,
    "2": 200,
    "3": 150,
    "4": 200,
    "5": 300,
    "6": 650,
    "7": 650
  },
  "detector_jitter": 6.9e-10,
  "detector_dead_time": 4.5e-08,
  "detector_freq_width": 95172208888888.88,
  "detector_maximum_efficiency": 0.6,
  "minimum_time_resolution": 2e-09,
  "num_shots": 300000,
  "random_seed": 1,
  "data_type": "aqnsim",
  "source_pair_rate": [
    10.0,
    146.77992676220705,
    2154.4346900318847,
    31622.776601683792,
    464158.8833612782,
    6812920.690579622,
    100000000.0
  ],
  "secure_key_rates": [
    0.00033036981395191125,
    0.07036194272811747,
    1.0258385813951016,
    15.057251184701924,
    221.01022261307037,
    2746.8272988194994,
    0
  ],
  "secure_key_rate_errors": [
    0.0037307160357131367,
    0.01113464724474327,
    0.16314117009234402,
    2.3945848998054995,
    35.14769962193381,
    588.7732471239634,
    0.0
  ],
  "raw_key_rates": [
    0.007,
    0.08660015678970216,
    1.263935018152039,
    18.55202893965449,
    272.3065449052832,
    4065.042678712508,
    62666.666666666664
  ],
  "raw_key_rate_errors": [
    0.0015275252316519466,
    0.006509266387540184,
    0.09527268669548535,
    1.398411797560202,
    20.525878122929278,
    303.83555516040616,
    4570.436400267363
  ],
  "qbers": [
    0.09523809523809523,
    0.011299435028248594,
    0.011363636363636354,
    0.011363636363636354,
    0.011363636363636354,
    0.022346368715083775,
    0.11702127659574468
  ],
  "qber_errors": [
    0.06405644848900469,
    0.007944638172079316,
    0.007989518749100213,
    0.007989518749100213,
    0.007989518749100213,
    0.011047638975330263,
    0.02344383253964799
  ],
  "qbers_label": "QBER",
  "raw_key_rates_label": "Raw key rate (bps)",
  "secure_key_rates_label": "Secure key rate (bps)",
  "x_parameter_name": "source_pair_rate",
  "x_parameter_label": "Source brightness (cps)"
}