{
  "channel_length": 1,
  "channel_delay": 4.903392199412835e-09,
  "link_loss_in_db_a": 12.0,
  "link_loss_in_db_b": 12.0,
  "source_pair_rate": 1500000.0,
  "source_visibility": 0.94,
  "source_wavelength": 8.100000000000001e-07,
  "source_bandwidth_fwhm_wavelength": 3.0000000000000004e-09,
  "detector_jitter": 6.9e-10,
  "detector_dead_time": 4.5e-08,
  "detector_freq_width": 95172208888888.88,
  "detector_maximum_efficiency": 0.6,
  "minimum_time_resolution": 2e-09,
  "num_shots": 6000000,
  "random_seed": 0,
  "data_type": "aqnsim",
  "dark_count_rate": [
    1.0,
    1.6102620275609394,
    2.592943797404667,
    4.1753189365604015,
    6.7233575364993365,
    10.826367338740546,
    17.43328822199988,
    28.072162039411772,
    45.20353656360243,
    72.7895384398315,
    117.21022975334806,
    188.73918221350976,
    303.9195382313198,
    489.3900918477494,
    788.0462815669912,
    1268.9610031679222,
    2043.3597178569416,
    3290.3445623126677,
    5298.316906283708,
    8531.678524172805,
    13738.237958832638,
    22122.1629107045,
    35622.47890262444,
    57361.52510448681,
    92367.08571873866,
    148735.21072935118,
    239502.6619987486,
    385662.04211634723,
    621016.9418915616,
    1000000.0
  ],
  "secure_key_rates": [
    546.1930217671465,
    546.1930217671465,
    546.1930217671465,
    546.1930217671465,
    546.1930217671465,
    546.1930217671465,
    546.1930217671465,
    546.1930217671465,
    546.1930217671465,
    546.1930217671465,
    546.1930217671465,
    546.1930217671465,
    546.1930217671465,
    546.4193763307419,
    546.1930217671465,
    541.2048662614233,
    546.4193763307419,
    541.8827156562097,
    547.0984785138818,
    546.4193763307419,
    544.2610628748059,
    535.4611737955612,
    539.1750456984018,
    509.77161642797904,
    469.47538218380447,
    355.3012475095996,
    254.38009916560767,
    0,
    0,
    0
  ],
  "secure_key_rate_errors": [
    31.35384886271568,
    31.35384886271568,
    31.35384886271568,
    31.35384886271568,
    31.35384886271568,
    31.35384886271568,
    31.35384886271568,
    31.35384886271568,
    31.35384886271568,
    31.35384886271568,
    31.35384886271568,
    31.35384886271568,
    31.35384886271568,
    31.35658261922591,
    31.35384886271568,
    31.450568074018975,
    31.35658261922591,
    31.458801484787752,
    31.364780604304322,
    31.35658261922591,
    31.409249603507508,
    31.613499025624154,
    31.58154840974473,
    32.26888536581939,
    33.018032293373885,
    35.178090487973336,
    37.07025336875504,
    0.0,
    0.0,
    0.0
  ],
  "raw_key_rates": [
    935.25,
    935.25,
    935.25,
    935.25,
    935.25,
    935.25,
    935.25,
    935.25,
    935.25,
    935.25,
    935.25,
    935.25,
    935.25,
    935.5,
    935.25,
    935.5,
    935.5,
    936.25,
    936.25,
    935.5,
    936.0,
    937.75,
    939.0,
    946.0,
    950.5,
    977.25,
    1014.0,
    1109.75,
    1355.5,
    1975.25
  ],
  "raw_key_rate_errors": [
    15.290928683373028,
    15.290928683373028,
    15.290928683373028,
    15.290928683373028,
    15.290928683373028,
    15.290928683373028,
    15.290928683373028,
    15.290928683373028,
    15.290928683373028,
    15.290928683373028,
    15.290928683373028,
    15.290928683373028,
    15.290928683373028,
    15.292972242177123,
    15.290928683373028,
    15.292972242177123,
    15.292972242177123,
    15.29910128079424,
    15.29910128079424,
    15.292972242177123,
    15.297058540778357,
    15.31135199778256,
    15.321553446044561,
    15.378556499229699,
    15.415090009467997,
    15.630499032340586,
    15.921683328090658,
    16.656455205114924,
    18.408557792505093,
    22.22189235866289
  ],
  "qbers": [
    0.030740443731622547,
    0.030740443731622547,
    0.030740443731622547,
    0.030740443731622547,
    0.030740443731622547,
    0.030740443731622547,
    0.030740443731622547,
    0.030740443731622547,
    0.030740443731622547,
    0.030740443731622547,
    0.030740443731622547,
    0.030740443731622547,
    0.030740443731622547,
    0.030732228754676627,
    0.030740443731622547,
    0.03126670229823625,
    0.030732228754676627,
    0.031241655540721003,
    0.03070761014686252,
    0.030732228754676627,
    0.030982905982905984,
    0.03199146894161553,
    0.03168264110756125,
    0.03514799154334036,
    0.039715938979484444,
    0.05397799948836024,
    0.06755424063116366,
    0.10452804685740036,
    0.18111398008115087,
    0.2811036577648399
  ],
  "qber_errors": [
    0.0028221575675751575,
    0.0028221575675751575,
    0.0028221575675751575,
    0.0028221575675751575,
    0.0028221575675751575,
    0.0028221575675751575,
    0.0028221575675751575,
    0.0028221575675751575,
    0.0028221575675751575,
    0.0028221575675751575,
    0.0028221575675751575,
    0.0028221575675751575,
    0.0028221575675751575,
    0.0028214153396997803,
    0.0028221575675751575,
    0.0028450588983574402,
    0.0028214153396997803,
    0.0028428165624880186,
    0.0028191909957898456,
    0.0028214153396997803,
    0.0028317758501950623,
    0.002873314412351977,
    0.002857964012380578,
    0.002993677721227768,
    0.0031672053425485453,
    0.0036143164587094244,
    0.003940842917495242,
    0.004591978428539047,
    0.005230075509756665,
    0.005057377294618474
  ],
  "qbers_label": "QBER",
  "raw_key_rates_label": "Raw key rate (bps)",
  "secure_key_rates_label": "Secure key rate (bps)",
  "x_parameter_name": "dark_count_rate",
  "x_parameter_label": "Dark count rate (cps)"
}