{
  "channel_length": 1,
  "channel_delay": 4.903392199412835e-09,
  "source_pair_rate": 1500000.0,
  "source_visibility": 0.94,
  "source_wavelength": 8.100000000000001e-07,
  "source_bandwidth_fwhm_wavelength": 3e-09,
  "dark_count_rates": {
    "0": 50,
    "1": 100,
    "2": 200,
    "3": 150,
    "4": 200,
    "5": 300,
    "6": 650,
    "7": 650
  },
  "detector_jitter": 6.9e-10,
  "detector_dead_time": 4.5e-08,
  "detector_freq_width": 95172208888888.88,
  "detector_maximum_efficiency": 0.6,
  "minimum_time_resolution": 2e-09,
  "num_shots": 6000000,
  "random_seed": 0,
  "data_type": "aqnsim",
  "loss_per_link": [
    8.0,
    8.275862068965518,
    8.551724137931034,
    8.827586206896552,
    9.10344827586207,
    9.379310344827587,
    9.655172413793103,
    9.931034482758621,
    10.206896551724139,
    10.482758620689655,
    10.758620689655173,
    11.03448275862069,
    11.310344827586206,
    11.586206896551724,
    11.862068965517242,
    12.137931034482758,
    12.413793103448276,
    12.689655172413794,
    12.96551724137931,
    13.241379310344827,
    13.517241379310345,
    13.793103448275861,
    14.068965517241379,
    14.344827586206897,
    14.620689655172413,
    14.89655172413793,
    15.172413793103448,
    15.448275862068964,
    15.724137931034482,
    16.0
  ],
  "secure_key_rates": [
    3471.9199889969586,
    3010.477527082223,
    2648.9164688104947,
    2250.56090964991,
    2082.2622784557316,
    1702.6577137484956,
    1582.9634904235897,
    1397.4595152287159,
    1156.5261812892597,
    1039.1145725378083,
    916.9431996282929,
    826.9225773766774,
    679.9549940378715,
    655.3695701059155,
    551.7249152038656,
    503.06884706567223,
    455.2241581445292,
    370.89725688571406,
    390.94531085387365,
    282.31506380163535,
    236.00593095316407,
    242.024696960075,
    202.23505435036583,
    167.40085464131147,
    137.71220929209102,
    118.0000479821684,
    143.92594287834694,
    110.91485151804592,
    84.4727607947432,
    114.13987688603444
  ],
  "secure_key_rate_errors": [
    72.12803981897657,
    68.34112507756306,
    63.76696704980201,
    60.04327957979896,
    56.32358121131612,
    53.61535078065896,
    49.73697124417497,
    47.01101777263999,
    43.61338579659378,
    40.78161414260638,
    38.62281687050579,
    36.34025665942157,
    34.22057711663663,
    31.887779466879493,
    29.637044510411094,
    27.774994081531986,
    26.27941233145681,
    24.852229042814344,
    22.792174041662175,
    21.660764261367014,
    20.836243647160124,
    18.402455888210916,
    17.897695775910368,
    16.895905277338596,
    16.137119485882742,
    15.377944896109337,
    13.760902321197209,
    12.876231895929573,
    12.324008613752026,
    9.64126010449205
  ],
  "raw_key_rates": [
    5832.0,
    5181.25,
    4525.0,
    3963.25,
    3538.25,
    3116.75,
    2738.5,
    2438.25,
    2076.25,
    1828.75,
    1633.0,
    1453.0,
    1263.5,
    1128.0,
    967.25,
    858.75,
    771.25,
    672.0,
    606.75,
    510.75,
    461.5,
    388.25,
    353.25,
    308.75,
    275.25,
    247.25,
    222.0,
    186.0,
    162.25,
    139.25
  ],
  "raw_key_rate_errors": [
    38.18376618407357,
    35.99045012221992,
    33.63406011768428,
    31.477174269619564,
    29.741595451488475,
    27.913930214142187,
    26.165339669111884,
    24.68931955319952,
    22.782943181248555,
    21.3819433167334,
    20.20519735117675,
    19.059118552545918,
    17.77287258717622,
    16.792855623746664,
    15.550321540083987,
    14.652218262092603,
    13.885694076998815,
    12.961481396815719,
    12.3161479367536,
    11.299889379989523,
    10.741275529470418,
    9.852030247619016,
    9.39747306460625,
    8.78564169540279,
    8.295330011518528,
    7.862092596758193,
    7.449832212875669,
    6.819090848492928,
    6.368869601428499,
    5.900211860602973
  ],
  "qbers": [
    0.02966392318244171,
    0.031025331724969796,
    0.030607734806629816,
    0.03229672617170254,
    0.030311594714901413,
    0.03441084462982269,
    0.031312762461201404,
    0.03178509176663591,
    0.03335340156532207,
    0.03226247436773755,
    0.03291488058787506,
    0.03217481073640738,
    0.035219628017411964,
    0.031028368794326244,
    0.03204962522615662,
    0.03056768558951961,
    0.030145867098865464,
    0.03385416666666663,
    0.02513391017717348,
    0.03377386196769461,
    0.037919826652221045,
    0.027044430135222175,
    0.031847133757961776,
    0.034817813765182226,
    0.03905540417802,
    0.04145601617795758,
    0.024774774774774744,
    0.029569892473118253,
    0.036979969183358996,
    0.010771992818671472
  ],
  "qber_errors": [
    0.001110801940857098,
    0.0012043900501192773,
    0.0012803422664081688,
    0.00140408896454887,
    0.0014411070433536562,
    0.0016325364113825593,
    0.0016640490073310658,
    0.0017763498573046459,
    0.001970307957157424,
    0.0020659531178336596,
    0.002207523849658188,
    0.0023146943854764463,
    0.002592919257700539,
    0.0025813711859266294,
    0.002831644045290589,
    0.0029371535690158423,
    0.0030785025404641802,
    0.003488291537690647,
    0.0031773687740778637,
    0.003996644959548955,
    0.004445523964019663,
    0.0041162305706408395,
    0.0046712817511276004,
    0.005216412405906786,
    0.005838430075158669,
    0.006338721335607509,
    0.005216159199078216,
    0.006210413766911611,
    0.007407618102436932,
    0.0043738978071764445
  ],
  "qbers_label": "QBER",
  "raw_key_rates_label": "Raw key rate (bps)",
  "secure_key_rates_label": "Secure key rate (bps)",
  "x_parameter_name": "loss_per_link",
  "x_parameter_label": "Loss per link (dB)"
}