{
  "fractional_loss_A": 0.06309573444801933,
  "fractional_loss_B": 0.06309573444801933,
  "detector_efficiency": 0.6,
  "detector_dead_time": 4.5e-08,
  "rate_source": 1500000.0,
  "dark_count_rate_A": 500,
  "dark_count_rate_B": 1800,
  "probability_optical_error": 0.03,
  "num_detectors": 4,
  "detection_resolution": 1.6248258310713551e-09,
  "data_type": "numerics",
  "coincidence_window": [
    1e-11,
    1.0971561867027284e-11,
    1.2037516980200672e-11,
    1.3207036227366311e-11,
    1.4490181504862009e-11,
    1.5897992284504738e-11,
    1.7442580591096616e-11,
    1.9137235207582585e-11,
    2.0996536004384418e-11,
    2.3036479376536946e-11,
    2.5274615867817323e-11,
    2.7730201165910608e-11,
    3.0424361767690035e-11,
    3.338027673990294e-11,
    3.662337713903369e-11,
    4.018156480603808e-11,
    4.408545241834111e-11,
    4.836862686437171e-11,
    5.306793820656121e-11,
    5.822381671888649e-11,
    6.388062072657206e-11,
    7.008701824056906e-11,
    7.6896405670187e-11,
    8.436736721624843e-11,
    9.25641788971279e-11,
    1.015573615440416e-10,
    1.1142428752325099e-10,
    1.2224984640507846e-10,
    1.3412717530678956e-10,
    1.471584601928056e-10,
    1.614558150261838e-10,
    1.7714224633510817e-10,
    1.9435271149298264e-10,
    2.1323527981697636e-10,
    2.339524064744821e-10,
    2.5668233015746947e-10,
    2.8162060654953993e-10,
    3.089817907788013e-10,
    3.390012833314499e-10,
    3.719373553072648e-10,
    4.080733704412147e-10,
    4.47720223008213e-10,
    4.912190125853861e-10,
    5.389439786840595e-10,
    5.913057204993993e-10,
    6.487547294786302e-10,
    7.117852651001311e-10,
    7.809396072084504e-10,
    8.5681272148995e-10,
    9.400573782282965e-10,
    1.0313897683787222e-09,
    1.131595665278609e-09,
    1.2415371850064107e-09,
    1.3621602035512731e-09,
    1.4945024946065271e-09,
    1.6397026580002054e-09,
    1.7990099155778333e-09,
    1.973794858815773e-09,
    2.1655612406317545e-09,
    2.375958912842765e-09,
    2.6067980205769283e-09,
    2.8600645757603915e-09,
    3.1379375436648272e-09,
    3.4428075895186142e-09,
    3.777297646467454e-09,
    4.144285481839423e-09,
    4.5469284558624015e-09,
    4.988690685844117e-09,
    5.473372849520128e-09,
    6.00514488398175e-09,
    6.5885818615068146e-09,
    7.228703350949551e-09,
    7.931016603333044e-09,
    8.701563933188907e-09,
    9.546974703287497e-09,
    1.0474522360006321e-08,
    1.1492187010036998e-08,
    1.2608724076806796e-08,
    1.3833739627296194e-08,
    1.5177773017322716e-08,
    1.665238756632532e-08,
    1.8270270041765376e-08,
    2.0045339809052398e-08,
    2.199286858606028e-08,
    2.412961183253607e-08,
    2.647395290480231e-08,
    2.904606121598046e-08,
    3.186806576245907e-08,
    3.496424550953137e-08,
    3.836123827417535e-08,
    4.2088269902088894e-08,
    4.617740571069106e-08,
    5.06638263613665e-08,
    5.558613053440591e-08,
    6.098666701068888e-08,
    6.691189901715622e-08,
    7.341280397070116e-08,
    8.054531205964939e-08,
    8.837078743614584e-08,
    9.695655615935915e-08,
    1.0637648543163119e-07,
    1.1671161911100682e-07,
    1.2805087496773324e-07,
    1.4049180968354578e-07,
    1.5414145817536422e-07,
    1.691172544644807e-07,
    1.855480420138842e-07,
    2.035751822261104e-07,
    2.2335377063851235e-07,
    2.450539712794255e-07,
    2.6886248066529386e-07,
    2.949841340341698e-07,
    3.236436676347356e-07,
    3.55087652232611e-07,
    3.8958661446875606e-07,
    4.274373643209655e-07,
    4.6896554869265436e-07,
    5.145284530985853e-07,
    5.645180755516963e-07,
    6.193644990970606e-07,
    6.795395920083764e-07,
    7.455610674814365e-07,
    8.179969377519468e-07,
    8.974704009584331e-07,
    9.84665202794123e-07,
    1.0803315190764665e-06,
    1.1852924098446994e-06,
    1.3004509005128978e-06,
    1.4267977510008572e-06,
    1.565419979684126e-06,
    1.7175102154984983e-06,
    1.8843769586593099e-06,
    2.067455838273129e-06,
    2.268321963696039e-06,
    2.4887034759027855e-06,
    2.7304964154553198e-06,
    2.995781034986421e-06,
    3.2868396965420545e-06,
    3.606176507761226e-06,
    3.956538865832261e-06,
    4.340941094577661e-06,
    4.762690378027984e-06,
    5.225415213602948e-06,
    5.733096629695033e-06,
    6.290102436234453e-06,
    6.90122480290852e-06,
    7.5717214883374e-06,
    8.307361074919352e-06,
    9.114472598521176e-06,
    1e-05
  ],
  "secure_key_rates": [
    3.600408914899262,
    3.950203735356642,
    4.3339809834782645,
    4.755041523605986,
    5.21700668253904,
    5.723849308506055,
    6.279927823243076,
    6.89002355034724,
    7.559381627795035,
    8.293755839312395,
    9.09945772711773,
    9.983410378654154,
    10.953207309635003,
    12.017176897503838,
    13.18445284966021,
    14.465051220637754,
    15.86995451963991,
    17.41120347098922,
    19.101997005904114,
    20.956801065955162,
    22.991466786252804,
    25.22335858864158,
    27.671492646488467,
    30.356686067422327,
    33.30171696485817,
    36.53149532971247,
    40.07324424386306,
    43.95669045789834,
    48.21426263982366,
    52.88129462577088,
    57.99622968642666,
    63.60082006092793,
    69.74031366918857,
    76.4636168291642,
    83.82341776899271,
    91.87625048445443,
    100.68247174680984,
    110.30611547213611,
    120.81457784012875,
    132.27807312219772,
    144.7687838338508,
    158.3596094278231,
    173.12239553301913,
    189.1255016346354,
    206.4305411611638,
    225.08810811967737,
    245.1322954638966,
    266.57382313577847,
    289.3916445940273,
    313.5230129385996,
    338.8521921782285,
    365.19833211337664,
    392.3035221168114,
    419.82271912280453,
    447.31808341199593,
    474.2611382294873,
    500.0468342073516,
    524.0235843314649,
    545.5419768180548,
    564.0214516111992,
    579.0283609508448,
    590.3511838677421,
    598.0517217579712,
    602.4694018984126,
    604.1644136373752,
    603.8059058371806,
    602.0372094191783,
    599.3655456326809,
    596.1140148614904,
    592.4402961666403,
    588.3925862120565,
    583.9645878018958,
    579.1291387639433,
    573.8519657983115,
    568.0953733415353,
    561.818789294068,
    554.9787035304197,
    547.5285390147003,
    539.4185233824802,
    530.595567204686,
    521.0031507938983,
    510.58122122371987,
    499.26610113802934,
    486.99041076881696,
    473.6830043471701,
    459.26892177607516,
    443.6693560314543,
    426.8016362626619,
    408.5792259740263,
    388.9117349785023,
    367.7049430212009,
    344.8608320685779,
    320.2776232441029,
    293.8498132591383,
    265.4682039334384,
    235.01991702302564,
    202.3883850766911,
    167.45330743698756,
    130.0905588073573,
    90.17203606038179,
    47.56542721329939,
    2.1338848210490697,
    0,
    0,
    0,
    0,
    0,
    0,
    0,
    0,
    0,
    0,
    0,
    0,
    0,
    0,
    0,
    0,
    0,
    0,
    0,
    0,
    0,
    0,
    0,
    0,
    0,
    0,
    0,
    0,
    0,
    0,
    0,
    0,
    0,
    0,
    0,
    0,
    0,
    0,
    0,
    0,
    0,
    0,
    0,
    0,
    0,
    0,
    0,
    0
  ],