{
  "key_size": 256,
  "prometheus": false,
  "channel_length": 1,
  "channel_delay": 4.903392199412835e-09,
  "source_pair_rate": 1500000.0,
  "source_visibility": 0.94,
  "source_wavelength": 8.100000000000001e-07,
  "source_bandwidth_fwhm_wavelength": 3e-09,
  "dark_count_rates": {
    "0": 50,
    "1": 100,
    "2": 200,
    "3": 150,
    "4": 200,
    "5": 300,
    "6": 650,
    "7": 650
  },
  "detector_jitter": 6.9e-10,
  "detector_dead_time": 4.5e-08,
  "detector_freq_width": 95172208888888.88,
  "detector_maximum_efficiency": 0.6,
  "minimum_time_resolution": 2e-09,
  "num_shots": 3000000,
  "random_seed": 1,
  "data_type": "aqnsim",
  "loss_per_link": [
    8.0,
    8.275862068965518,
    8.551724137931034,
    8.827586206896552,
    9.10344827586207,
    9.379310344827587,
    9.655172413793103,
    9.931034482758621,
    10.206896551724139,
    10.482758620689655,
    10.758620689655173,
    11.03448275862069,
    11.310344827586206,
    11.586206896551724,
    11.862068965517242,
    12.137931034482758,
    12.413793103448276,
    12.689655172413794,
    12.96551724137931,
    13.241379310344827,
    13.517241379310345,
    13.793103448275861,
    14.068965517241379,
    14.344827586206897,
    14.620689655172413,
    14.89655172413793,
    15.172413793103448,
    15.448275862068964,
    15.724137931034482,
    16.0
  ],
  "secure_key_rates": [
    3160.9414677948866,
    2737.1871956336295,
    2492.2896980269225,
    2168.8395543760735,
    2113.273935733421,
    1794.1457329844957,
    1574.2728255420343,
    1261.2463027042631,
    1162.1676789485928,
    998.6960331079836,
    866.6042774001965,
    688.9819389685954,
    688.0634462264256,
    666.6825556201796,
    568.4602402632163,
    454.3545661189258,
    445.7772075216732,
    425.31271219674153,
    353.0761777812202,
    298.90402580821035,
    329.81977586504036,
    244.1540102053968,
    235.3040627225078,
    203.45216333200793,
    170.09193025835262,
    120.77250427612363,
    126.54330593482767,
    131.93402612937842,
    92.84074806229513,
    84.03340718203961
  ],
  "secure_key_rate_errors": [
    112.18333744879351,
    103.56355765701329,
    98.51084795257951,
    91.99377929606148,
    84.95339416903175,
    80.00804957111735,
    76.22405293629578,
    71.18263302830871,
    66.8552002904614,
    62.172112401156994,
    59.014651270510385,
    56.278853701051766,
    52.1611086162154,
    48.95099028555921,
    45.0503677271075,
    42.80393734061298,
    39.06411903100116,
    35.89965262812496,
    35.03817184890072,
    32.04077359189266,
    28.352847553141434,
    29.40930926700688,
    26.186494335285644,
    24.48458583978036,
    24.376521218336908,
    22.315895296333448,
    20.712297723304044,
    19.86664560349825,
    18.924344198826383,
    18.027587016677078
  ],
  "raw_key_rates": [
    5768.0,
    4943.5,
    4483.0,
    3906.5,
    3505.5,
    3055.5,
    2737.5,
    2315.0,
    2074.0,
    1789.5,
    1591.0,
    1385.0,
    1250.0,
    1140.5,
    968.5,
    836.0,
    740.5,
    659.0,
    592.0,
    497.5,
    458.0,
    414.0,
    357.0,
    310.5,
    286.0,
    225.5,
    209.0,
    203.0,
    166.0,
    150.5
  ],
  "raw_key_rate_errors": [
    53.702886328390214,
    49.71669739634764,
    47.34448225506326,
    44.1955880150949,
    41.865857210858586,
    39.08644266238615,
    36.99662146737185,
    34.022051672408,
    32.202484376209235,
    29.912372022292047,
    28.20460955234091,
    26.315394733881533,
    25.0,
    23.879907872519105,
    22.005681084665387,
    20.445048300260872,
    19.241881404893856,
    18.152134860671346,
    17.204650534085253,
    15.771810295587505,
    15.132745950421556,
    14.387494569938157,
    13.360389215887388,
    12.459935794377111,
    11.958260743101398,
    10.618380290797651,
    10.222524150130436,
    10.074720839804943,
    9.1104335791443,
    8.674675786448736
  ],
  "qbers": [
    0.03424063800277388,
    0.033680590674623256,
    0.03345973678340397,
    0.03353385383335461,
    0.028954500071316502,
    0.030436917034855182,
    0.03159817351598171,
    0.03455723542116629,
    0.03302796528447449,
    0.03324951103660245,
    0.034569453174104314,
    0.03935018050541517,
    0.03400000000000003,
    0.03068829460762823,
    0.030459473412493554,
    0.03468899521531099,
    0.02903443619176227,
    0.025037936267071292,
    0.029560810810810856,
    0.029145728643216073,
    0.018558951965065518,
    0.03019323671497587,
    0.023809523809523836,
    0.024154589371980673,
    0.029720279720279685,
    0.03547671840354771,
    0.028708133971291905,
    0.024630541871921152,
    0.033132530120481896,
    0.03322259136212624
  ],
  "qber_errors": [
    0.0016930811085348943,
    0.0018143369027068521,
    0.0018992051003346975,
    0.002036695689890543,
    0.002002570627135223,
    0.0021975169008635275,
    0.0023641048175556995,
    0.0026843693187731657,
    0.002774779600378293,
    0.0029968774404314762,
    0.00323859532996903,
    0.00369416281677262,
    0.0036245827346054623,
    0.0036112326090225843,
    0.0039046253426622407,
    0.004475188698960715,
    0.004362958509926974,
    0.004303634876725483,
    0.004922281908320741,
    0.005332771079090307,
    0.004459242556530615,
    0.005946785472310459,
    0.005705497666385556,
    0.006160905414806815,
    0.007100303437526039,
    0.008710434252473222,
    0.008167501391715832,
    0.007692341255282804,
    0.009822945471488433,
    0.01032991507545686
  ],
  "qbers_label": "QBER",
  "raw_key_rates_label": "Raw key rate (bps)",
  "secure_key_rates_label": "Secure key rate (bps)",
  "x_parameter_name": "loss_per_link",
  "x_parameter_label": "Loss per link (dB)"
}