{
  "channel_length": 1,
  "channel_delay": 4.903392199412835e-09,
  "link_loss_in_db_a": 12.0,
  "link_loss_in_db_b": 12.0,
  "source_pair_rate": 1500000.0,
  "source_wavelength": 8.100000000000001e-07,
  "source_bandwidth_fwhm_wavelength": 3.0000000000000004e-09,
  "dark_count_rates": {
    "0": 50,
    "1": 100,
    "2": 200,
    "3": 150,
    "4": 200,
    "5": 300,
    "6": 650,
    "7": 650
  },
  "detector_jitter": 6.9e-10,
  "detector_dead_time": 4.5e-08,
  "detector_freq_width": 95172208888888.88,
  "detector_maximum_efficiency": 0.6,
  "minimum_time_resolution": 2e-09,
  "num_shots": 10000000,
  "random_seed": 0,
  "data_type": "aqnsim",
  "visibility": [
    0.8,
    0.8051282051282052,
    0.8102564102564103,
    0.8153846153846154,
    0.8205128205128206,
    0.8256410256410257,
    0.8307692307692308,
    0.8358974358974359,
    0.841025641025641,
    0.8461538461538461,
    0.8512820512820514,
    0.8564102564102565,
    0.8615384615384616,
    0.8666666666666667,
    0.8717948717948718,
    0.8769230769230769,
    0.882051282051282,
    0.8871794871794872,
    0.8923076923076924,
    0.8974358974358975,
    0.9025641025641026,
    0.9076923076923077,
    0.9128205128205129,
    0.917948717948718,
    0.9230769230769231,
    0.9282051282051282,
    0.9333333333333333,
    0.9384615384615385,
    0.9435897435897436,
    0.9487179487179487,
    0.9538461538461539,
    0.958974358974359,
    0.9641025641025641,
    0.9692307692307692,
    0.9743589743589743,
    0.9794871794871796,
    0.9846153846153847,
    0.9897435897435898,
    0.9948717948717949,
    1.0
  ],
  "secure_key_rates": [
    9.249920814015905,
    41.30608602312339,
    74.42418135359557,
    88.47090028159293,
    76.31614882416643,
    105.43691026079343,
    136.9480396715413,
    123.56063657043244,
    158.77383110854865,
    173.28216744722442,
    213.35293496068158,
    226.92738838724753,
    231.52173765902054,
    266.6339658900534,
    283.1997551533472,
    298.16718585906665,
    306.3367647458151,
    303.58816645069044,
    318.4107739646913,
    367.58643565952,
    388.9916256269997,
    404.28459088751686,
    426.5528009943609,
    440.5696335028636,
    471.9033030939163,
    484.28458895722866,
    506.8255222220819,
    536.6490005854448,
    553.2810257868489,
    582.4691615048749,
    597.7013784599129,
    619.0789017121361,
    659.9640931949924,
    688.5389031437226,
    734.473238870484,
    754.0277597965744,
    774.7228267498947,
    822.9978765846193,
    835.9441376231654,
    872.5575455700111
  ],
  "secure_key_rate_errors": [
    29.040998851803835,
    28.74625201183491,
    28.650826050647638,
    28.447888061914295,
    28.516316930819215,
    28.44941106677324,
    28.30186800717973,
    28.19890783176891,
    27.893233878578574,
    27.929192606316104,
    27.665678377690103,
    27.545655470746468,
    27.326707317119027,
    27.190360899361504,
    27.03223619211866,
    26.84525434208932,
    26.891969831176237,
    26.80430522976098,
    26.493701527952357,
    26.142424026194245,
    25.947200640199245,
    25.849292858998034,
    25.35697897438983,
    25.317481626291404,
    25.062381525493027,
    24.85537005671908,
    24.565433086089726,
    24.172388067564725,
    23.992819349515443,
    23.63855557205063,
    23.491474059067162,
    23.089822054714066,
    22.483120230067208,
    21.445655445477396,
    20.75442458311271,
    19.983940197679512,
    19.554160806757796,
    17.994508824888417,
    17.226687436648824,
    16.02627150800571
  ],
  "raw_key_rates": [
    928.8,
    922.65,
    930.0,
    923.1,
    922.35,
    930.3,
    934.65,
    922.5,
    919.2,
    927.9,
    930.45,
    929.7,
    918.9,
    928.05,
    927.15,
    924.0,
    930.9,
    924.45,
    914.55,
    921.6,
    922.95,
    926.4,
    913.35,
    919.65,
    925.65,
    922.95,
    922.95,
    923.55,
    926.25,
    930.0,
    934.05,
    931.8,
    936.6,
    918.75,
    930.75,
    921.9,
    926.1,
    925.8,
    919.65,
    928.5
  ],
  "raw_key_rate_errors": [
    11.8033893437436,
    11.764246682214718,
    11.811011811017716,
    11.767115194473112,
    11.762333952069206,
    11.812916659318308,
    11.840502523119532,
    11.76329035601859,
    11.742231474468555,
    11.797669261341412,
    11.813868968293157,
    11.809106655458743,
    11.740315157609697,
    11.798622800988259,
    11.792900406600575,
    11.77285012220915,
    11.816725434738679,
    11.775716538707952,
    11.71249332977398,
    11.757550765359253,
    11.76615910142303,
    11.7881296226331,
    11.704806704939642,
    11.745105363512069,
    11.783356907095701,
    11.76615910142303,
    11.76615910142303,
    11.769983007634293,
    11.787175234126284,
    11.811011811017716,
    11.836701398616086,
    11.822436297142819,
    11.852847759083048,
    11.739356881873896,
    11.815773355984788,
    11.759464273511782,
    11.786220768337916,
    11.784311604841415,
    11.745105363512069,
    11.801482957662566
  ],
  "qbers": [
    0.10077519379844957,
    0.09559421232319953,
    0.09048387096774191,
    0.08823529411764708,
    0.0900959505610669,
    0.08577878103837466,
    0.0812068688813995,
    0.08292682926829265,
    0.07767624020887731,
    0.07581635952150012,
    0.0702885700467516,
    0.0684091642465311,
    0.06741756447926872,
    0.06303539679974135,
    0.06083158065038019,
    0.0587662337662338,
    0.05800837898807609,
    0.05808859321758886,
    0.05576513039199604,
    0.04996744791666663,
    0.04745652527222488,
    0.04582253886010368,
    0.04253572015109208,
    0.041265698907193005,
    0.038081348241776,
    0.03656752803510488,
    0.03412969283276446,
    0.031021601429267465,
    0.02947368421052632,
    0.02677419354838706,
    0.025533964991167446,
    0.023341918866709555,
    0.01985906470211407,
    0.016163265306122443,
    0.013053988718775167,
    0.010901399284087177,
    0.009556203433754407,
    0.005994815294880107,
    0.004730060349045884,
    0.0029079159935380128
  ],
  "qber_errors": [
    0.003825564129612291,
    0.0037490790912482522,
    0.0036433000828838026,
    0.003615628585261695,
    0.00365130564211034,
    0.003555901339692117,
    0.0034604005872184243,
    0.003516510887524922,
    0.0034192150625893575,
    0.003365546876696943,
    0.0032457536084530736,
    0.0032065938863516997,
    0.0032036248160416067,
    0.003089681978140309,
    0.003040233352777274,
    0.0029965554774999187,
    0.0029673105386771063,
    0.002979575357275811,
    0.002938754321115548,
    0.0027796314949319247,
    0.002710484410673201,
    0.0026607281679088446,
    0.0025862184065983977,
    0.002540259459419471,
    0.0024363942038503534,
    0.0023928472944656017,
    0.002314632995972956,
    0.0022095537856013335,
    0.002152297939641569,
    0.0020500722295780675,
    0.001998955147939731,
    0.0019156838060275898,
    0.0017655995605854167,
    0.0016112874386406155,
    0.0014409450574923266,
    0.00132453866111175,
    0.0012381529558555347,
    0.000982583053145454,
    0.0008762703691963683,
    0.0006844051009328925
  ],
  "qbers_label": "QBER",
  "raw_key_rates_label": "Raw key rate (bps)",
  "secure_key_rates_label": "Secure key rate (bps)",
  "x_parameter_name": "visibility",
  "x_parameter_label": "Visibility"
}